start,end,mean,state,type,protein
1,15,0.114687089376164,0,GEMME,FBpp0301274
16,31,0.256962974755518,1,GEMME,FBpp0301274
32,55,0.614345181397033,2,GEMME,FBpp0301274
56,60,0.322673907281668,0,GEMME,FBpp0301274
61,91,0.629064567678299,2,GEMME,FBpp0301274
92,98,0.410249191072178,1,GEMME,FBpp0301274
99,134,0.142972501225185,0,GEMME,FBpp0301274
135,141,0.389393668616434,1,GEMME,FBpp0301274
142,152,0.616828419048808,2,GEMME,FBpp0301274
153,160,0.290064388474529,1,GEMME,FBpp0301274
161,175,0.0680488266797303,0,GEMME,FBpp0301274
176,221,0.167411106869316,1,GEMME,FBpp0301274
222,230,0.45309239460037,1,GEMME,FBpp0301274
231,279,0.53639851645519,2,GEMME,FBpp0301274
280,385,0.252500910828239,0,GEMME,FBpp0301274
386,395,0.258708224279404,2,GEMME,FBpp0301274
1,18,0.464477777777778,0,pLDDT,FBpp0301274
19,36,0.5224,1,pLDDT,FBpp0301274
37,81,0.702306666666667,2,pLDDT,FBpp0301274
82,91,0.52885,1,pLDDT,FBpp0301274
92,135,0.406445454545455,0,pLDDT,FBpp0301274
136,230,0.440664210526316,1,pLDDT,FBpp0301274
231,289,0.787003389830508,2,pLDDT,FBpp0301274
290,307,0.459555555555556,0,pLDDT,FBpp0301274
308,344,0.826556756756757,2,pLDDT,FBpp0301274
345,395,0.436660784313726,0,pLDDT,FBpp0301274
